codon,aminoacid,freq,number
TTT,F,26.26,76999
TTC,F,17.89,52459
TTA,L,26.31,77131
TTG,L,26.48,77632
CTT,L,12.34,36164
CTC,L,5.55,16279
CTA,L,13.52,39649
CTG,L,10.67,31285
ATT,I,30.10,88228
ATC,I,16.97,49748
ATA,I,18.33,53733
ATG,M,20.71,60700
GTT,V,21.45,62893
GTC,V,11.22,32892
GTA,V,12.08,35400
GTG,V,10.74,31477
TCT,S,23.34,68431
TCC,S,14.05,41199
TCA,S,19.05,55839
TCG,S,8.72,25557
CCT,P,13.57,39780
CCC,P,6.92,20289
CCA,P,17.80,52187
CCG,P,5.44,15951
ACT,T,20.22,59286
ACC,T,12.47,36567
ACA,T,18.18,53301
ACG,T,8.16,23933
GCT,A,20.24,59348
GCC,A,12.12,35541
GCA,A,16.27,47691
GCG,A,6.19,18134
TAT,Y,19.08,55941
TAC,Y,14.60,42793
TAA,*,0.97,2850
TAG,*,0.48,1394
CAT,H,13.91,40786
CAC,H,7.76,22740
CAA,Q,27.06,79344
CAG,Q,12.43,36429
AAT,N,36.56,107178
AAC,N,24.77,72615
AAA,K,42.81,125514
AAG,K,30.46,89285
GAT,D,37.99,111379
GAC,D,20.35,59654
GAA,E,45.70,133971
GAG,E,19.53,57249
TGT,C,7.86,23052
TGC,C,4.80,14058
TGA,*,0.61,1795
TGG,W,10.36,30383
CGT,R,6.27,18396
CGC,R,2.65,7777
CGA,R,3.12,9154
CGG,R,1.85,5410
AGT,S,14.59,42785
AGC,S,9.98,29250
AGA,R,21.02,61636
AGG,R,9.47,27756
GGT,G,22.54,66068
GGC,G,9.79,28704
GGA,G,11.19,32808
GGG,G,6.07,17791